Geo_id,Geo_id2,Geo_display_label,T_Pop,T_U5,P_U5,T_5_9,P_5_9,T_10_14,P_10_14,T_15_19,P_15_19,T_20_24,P_20_24,T_25_29,P_25_29,T_30_34,P_30_34,T_35_39,P_35_39,T_40_44,P_40_44,T_45_49,P_45_49,T_50_54,P_50_54,T_55_59,P_55_59,T_60_64,P_60_64,T_65_69,P_65_69,T_70_74,P_70_74,T_75_79,P_75_79,T_80_84,P_80_84,T_85,P_85
1400000US11001000100,11001000100,"Census Tract 1, District of Columbia, District of Columbia",5170,264,5.1,325,6.3,141,2.7,90,1.7,252,4.9,500,9.7,659,12.7,442,8.5,289,5.6,251,4.9,382,7.4,278,5.4,373,7.2,336,6.5,234,4.5,75,1.5,102,2.0,177,3.4
1400000US11001000201,11001000201,"Census Tract 2.01, District of Columbia, District of Columbia",3682,0,0.0,0,0.0,0,0.0,2054,55.8,1620,44.0,8,0.2,0,0.0,0,0.0,0,0.0,0,0.0,0,0.0,0,0.0,0,0.0,0,0.0,0,0.0,0,0.0,0,0.0,0,0.0
1400000US11001000202,11001000202,"Census Tract 2.02, District of Columbia, District of Columbia",4473,122,2.7,101,2.3,112,2.5,282,6.3,1371,30.7,512,11.4,102,2.3,184,4.1,244,5.5,188,4.2,131,2.9,166,3.7,239,5.3,269,6.0,274,6.1,115,2.6,37,0.8,24,0.5
1400000US11001000300,11001000300,"Census Tract 3, District of Columbia, District of Columbia",6374,438,6.9,244,3.8,135,2.1,84,1.3,1230,19.3,1031,16.2,718,11.3,502,7.9,366,5.7,367,5.8,221,3.5,205,3.2,300,4.7,224,3.5,127,2.0,117,1.8,0,0.0,65,1.0
1400000US11001000400,11001000400,"Census Tract 4, District of Columbia, District of Columbia",1489,93,6.2,85,5.7,72,4.8,56,3.8,37,2.5,151,10.1,129,8.7,58,3.9,64,4.3,52,3.5,137,9.2,147,9.9,102,6.9,52,3.5,143,9.6,75,5.0,16,1.1,20,1.3
1400000US11001000501,11001000501,"Census Tract 5.01, District of Columbia, District of Columbia",3632,139,3.8,181,5.0,77,2.1,89,2.5,166,4.6,619,17.0,616,17.0,507,14.0,129,3.6,210,5.8,156,4.3,63,1.7,178,4.9,203,5.6,38,1.0,137,3.8,45,1.2,79,2.2
1400000US11001000502,11001000502,"Census Tract 5.02, District of Columbia, District of Columbia",3296,117,3.5,105,3.2,113,3.4,136,4.1,160,4.9,469,14.2,368,11.2,341,10.3,138,4.2,181,5.5,222,6.7,218,6.6,175,5.3,154,4.7,143,4.3,104,3.2,97,2.9,55,1.7
1400000US11001000600,11001000600,"Census Tract 6, District of Columbia, District of Columbia",4998,274,5.5,262,5.2,273,5.5,0,0.0,336,6.7,235,4.7,488,9.8,270,5.4,328,6.6,445,8.9,329,6.6,341,6.8,378,7.6,325,6.5,229,4.6,196,3.9,79,1.6,210,4.2
1400000US11001000701,11001000701,"Census Tract 7.01, District of Columbia, District of Columbia",5643,240,4.3,72,1.3,95,1.7,24,0.4,485,8.6,521,9.2,434,7.7,401,7.1,293,5.2,345,6.1,245,4.3,414,7.3,415,7.4,516,9.1,452,8.0,500,8.9,88,1.6,103,1.8
1400000US11001000702,11001000702,"Census Tract 7.02, District of Columbia, District of Columbia",3318,144,4.3,64,1.9,12,0.4,113,3.4,177,5.3,864,26.0,368,11.1,337,10.2,299,9.0,154,4.6,223,6.7,70,2.1,109,3.3,150,4.5,0,0.0,180,5.4,0,0.0,54,1.6
1400000US11001000801,11001000801,"Census Tract 8.01, District of Columbia, District of Columbia",6267,261,4.2,288,4.6,224,3.6,681,10.9,550,8.8,217,3.5,281,4.5,340,5.4,352,5.6,448,7.1,534,8.5,414,6.6,361,5.8,332,5.3,477,7.6,158,2.5,198,3.2,151,2.4
1400000US11001000802,11001000802,"Census Tract 8.02, District of Columbia, District of Columbia",3476,196,5.6,188,5.4,158,4.5,169,4.9,227,6.5,634,18.2,334,9.6,201,5.8,145,4.2,203,5.8,276,7.9,191,5.5,118,3.4,114,3.3,62,1.8,156,4.5,35,1.0,69,2.0
1400000US11001000901,11001000901,"Census Tract 9.01, District of Columbia, District of Columbia",7799,231,3.0,377,4.8,403,5.2,2617,33.6,819,10.5,155,2.0,170,2.2,253,3.2,350,4.5,389,5.0,349,4.5,261,3.3,279,3.6,379,4.9,332,4.3,161,2.1,81,1.0,193,2.5
1400000US11001000902,11001000902,"Census Tract 9.02, District of Columbia, District of Columbia",2584,71,2.7,259,10.0,282,10.9,160,6.2,46,1.8,81,3.1,46,1.8,130,5.0,319,12.3,275,10.6,138,5.3,140,5.4,167,6.5,205,7.9,106,4.1,62,2.4,58,2.2,39,1.5
1400000US11001001001,11001001001,"Census Tract 10.01, District of Columbia, District of Columbia",7853,543,6.9,775,9.9,431,5.5,508,6.5,363,4.6,252,3.2,367,4.7,551,7.0,609,7.8,822,10.5,566,7.2,301,3.8,460,5.9,349,4.4,443,5.6,251,3.2,45,0.6,217,2.8
1400000US11001001002,11001001002,"Census Tract 10.02, District of Columbia, District of Columbia",3512,137,3.9,105,3.0,121,3.4,205,5.8,672,19.1,643,18.3,316,9.0,304,8.7,163,4.6,141,4.0,161,4.6,214,6.1,76,2.2,69,2.0,44,1.3,106,3.0,35,1.0,0,0.0
1400000US11001001100,11001001100,"Census Tract 11, District of Columbia, District of Columbia",4947,463,9.4,212,4.3,188,3.8,90,1.8,154,3.1,305,6.2,548,11.1,223,4.5,395,8.0,235,4.8,422,8.5,359,7.3,428,8.7,263,5.3,287,5.8,145,2.9,115,2.3,115,2.3
1400000US11001001200,11001001200,"Census Tract 12, District of Columbia, District of Columbia",5031,312,6.2,271,5.4,235,4.7,119,2.4,200,4.0,494,9.8,495,9.8,611,12.1,360,7.2,385,7.7,363,7.2,337,6.7,305,6.1,154,3.1,163,3.2,123,2.4,45,0.9,59,1.2
1400000US11001001301,11001001301,"Census Tract 13.01, District of Columbia, District of Columbia",4151,218,5.3,260,6.3,152,3.7,105,2.5,144,3.5,525,12.6,628,15.1,285,6.9,295,7.1,311,7.5,260,6.3,128,3.1,134,3.2,239,5.8,178,4.3,117,2.8,101,2.4,71,1.7
1400000US11001001302,11001001302,"Census Tract 13.02, District of Columbia, District of Columbia",7563,207,2.7,251,3.3,70,0.9,24,0.3,447,5.9,1490,19.7,946,12.5,740,9.8,690,9.1,272,3.6,522,6.9,184,2.4,454,6.0,506,6.7,316,4.2,247,3.3,83,1.1,114,1.5
1400000US11001001401,11001001401,"Census Tract 14.01, District of Columbia, District of Columbia",3334,241,7.2,234,7.0,237,7.1,125,3.7,81,2.4,226,6.8,329,9.9,244,7.3,233,7.0,265,7.9,232,7.0,131,3.9,235,7.0,199,6.0,174,5.2,68,2.0,43,1.3,37,1.1
1400000US11001001402,11001001402,"Census Tract 14.02, District of Columbia, District of Columbia",3375,392,11.6,101,3.0,181,5.4,119,3.5,123,3.6,116,3.4,210,6.2,219,6.5,217,6.4,325,9.6,251,7.4,129,3.8,128,3.8,144,4.3,185,5.5,99,2.9,219,6.5,217,6.4
1400000US11001001500,11001001500,"Census Tract 15, District of Columbia, District of Columbia",6077,191,3.1,644,10.6,639,10.5,443,7.3,69,1.1,66,1.1,68,1.1,225,3.7,598,9.8,486,8.0,417,6.9,321,5.3,523,8.6,367,6.0,267,4.4,222,3.7,178,2.9,353,5.8
1400000US11001001600,11001001600,"Census Tract 16, District of Columbia, District of Columbia",4699,306,6.5,301,6.4,257,5.5,315,6.7,121,2.6,176,3.7,239,5.1,298,6.3,379,8.1,263,5.6,419,8.9,414,8.8,325,6.9,273,5.8,175,3.7,151,3.2,192,4.1,95,2.0
1400000US11001001702,11001001702,"Census Tract 17.02, District of Columbia, District of Columbia",3217,151,4.7,163,5.1,111,3.5,72,2.2,120,3.7,308,9.6,326,10.1,186,5.8,313,9.7,341,10.6,242,7.5,193,6.0,229,7.1,233,7.2,88,2.7,42,1.3,40,1.2,59,1.8
1400000US11001001803,11001001803,"Census Tract 18.03, District of Columbia, District of Columbia",4176,458,11.0,389,9.3,174,4.2,149,3.6,170,4.1,196,4.7,513,12.3,335,8.0,455,10.9,323,7.7,180,4.3,236,5.7,190,4.5,103,2.5,101,2.4,83,2.0,28,0.7,93,2.2
1400000US11001001804,11001001804,"Census Tract 18.04, District of Columbia, District of Columbia",5668,544,9.6,374,6.6,324,5.7,313,5.5,270,4.8,354,6.2,464,8.2,516,9.1,414,7.3,395,7.0,345,6.1,405,7.1,304,5.4,202,3.6,177,3.1,27,0.5,138,2.4,102,1.8
1400000US11001001901,11001001901,"Census Tract 19.01, District of Columbia, District of Columbia",4065,309,7.6,249,6.1,215,5.3,244,6.0,148,3.6,332,8.2,254,6.2,385,9.5,233,5.7,316,7.8,353,8.7,243,6.0,187,4.6,155,3.8,134,3.3,96,2.4,132,3.2,80,2.0
1400000US11001001902,11001001902,"Census Tract 19.02, District of Columbia, District of Columbia",2494,129,5.2,82,3.3,87,3.5,94,3.8,111,4.5,241,9.7,155,6.2,223,8.9,181,7.3,252,10.1,137,5.5,229,9.2,121,4.9,112,4.5,82,3.3,69,2.8,57,2.3,132,5.3
1400000US11001002001,11001002001,"Census Tract 20.01, District of Columbia, District of Columbia",3150,288,9.1,128,4.1,162,5.1,160,5.1,146,4.6,164,5.2,324,10.3,132,4.2,206,6.5,232,7.4,211,6.7,258,8.2,216,6.9,144,4.6,185,5.9,103,3.3,62,2.0,29,0.9
1400000US11001002002,11001002002,"Census Tract 20.02, District of Columbia, District of Columbia",4202,256,6.1,325,7.7,239,5.7,169,4.0,225,5.4,395,9.4,457,10.9,219,5.2,452,10.8,210,5.0,246,5.9,338,8.0,142,3.4,290,6.9,65,1.5,67,1.6,38,0.9,69,1.6
1400000US11001002101,11001002101,"Census Tract 21.01, District of Columbia, District of Columbia",4819,269,5.6,151,3.1,202,4.2,180,3.7,149,3.1,422,8.8,484,10.0,258,5.4,182,3.8,401,8.3,505,10.5,488,10.1,407,8.4,336,7.0,118,2.4,85,1.8,15,0.3,167,3.5
1400000US11001002102,11001002102,"Census Tract 21.02, District of Columbia, District of Columbia",5264,238,4.5,222,4.2,257,4.9,210,4.0,265,5.0,526,10.0,530,10.1,228,4.3,559,10.6,502,9.5,340,6.5,370,7.0,326,6.2,128,2.4,183,3.5,146,2.8,50,0.9,184,3.5
1400000US11001002201,11001002201,"Census Tract 22.01, District of Columbia, District of Columbia",2955,151,5.1,132,4.5,77,2.6,89,3.0,151,5.1,313,10.6,295,10.0,188,6.4,249,8.4,129,4.4,165,5.6,169,5.7,241,8.2,113,3.8,119,4.0,88,3.0,151,5.1,135,4.6
1400000US11001002202,11001002202,"Census Tract 22.02, District of Columbia, District of Columbia",3347,337,10.1,140,4.2,172,5.1,142,4.2,163,4.9,290,8.7,518,15.5,403,12.0,149,4.5,171,5.1,241,7.2,122,3.6,108,3.2,176,5.3,55,1.6,55,1.6,48,1.4,57,1.7
1400000US11001002301,11001002301,"Census Tract 23.01, District of Columbia, District of Columbia",3625,300,8.3,160,4.4,107,3.0,215,5.9,203,5.6,153,4.2,374,10.3,421,11.6,232,6.4,395,10.9,337,9.3,197,5.4,123,3.4,158,4.4,48,1.3,60,1.7,46,1.3,96,2.6
1400000US11001002302,11001002302,"Census Tract 23.02, District of Columbia, District of Columbia",1708,47,2.8,48,2.8,14,0.8,0,0.0,213,12.5,278,16.3,132,7.7,48,2.8,123,7.2,47,2.8,22,1.3,83,4.9,67,3.9,62,3.6,61,3.6,70,4.1,125,7.3,268,15.7
1400000US11001002400,11001002400,"Census Tract 24, District of Columbia, District of Columbia",4067,272,6.7,141,3.5,38,0.9,126,3.1,259,6.4,506,12.4,518,12.7,381,9.4,191,4.7,173,4.3,438,10.8,319,7.8,263,6.5,124,3.0,90,2.2,72,1.8,60,1.5,96,2.4
1400000US11001002501,11001002501,"Census Tract 25.01, District of Columbia, District of Columbia",3138,167,5.3,276,8.8,96,3.1,113,3.6,108,3.4,307,9.8,465,14.8,216,6.9,178,5.7,275,8.8,269,8.6,107,3.4,127,4.0,89,2.8,141,4.5,96,3.1,62,2.0,46,1.5
1400000US11001002502,11001002502,"Census Tract 25.02, District of Columbia, District of Columbia",6389,488,7.6,331,5.2,113,1.8,77,1.2,187,2.9,851,13.3,1142,17.9,609,9.5,394,6.2,363,5.7,271,4.2,335,5.2,594,9.3,207,3.2,93,1.5,60,0.9,187,2.9,87,1.4
1400000US11001002600,11001002600,"Census Tract 26, District of Columbia, District of Columbia",2521,170,6.7,151,6.0,81,3.2,136,5.4,73,2.9,165,6.5,125,5.0,205,8.1,132,5.2,197,7.8,234,9.3,234,9.3,160,6.3,137,5.4,119,4.7,44,1.7,47,1.9,111,4.4
1400000US11001002701,11001002701,"Census Tract 27.01, District of Columbia, District of Columbia",6173,701,11.4,271,4.4,187,3.0,159,2.6,403,6.5,800,13.0,864,14.0,671,10.9,575,9.3,269,4.4,243,3.9,181,2.9,251,4.1,165,2.7,209,3.4,61,1.0,78,1.3,85,1.4
1400000US11001002702,11001002702,"Census Tract 27.02, District of Columbia, District of Columbia",6306,478,7.6,216,3.4,127,2.0,190,3.0,375,5.9,928,14.7,1114,17.7,643,10.2,517,8.2,396,6.3,199,3.2,370,5.9,380,6.0,124,2.0,148,2.3,53,0.8,0,0.0,48,0.8
1400000US11001002801,11001002801,"Census Tract 28.01, District of Columbia, District of Columbia",4169,316,7.6,173,4.1,196,4.7,126,3.0,366,8.8,729,17.5,546,13.1,423,10.1,339,8.1,221,5.3,226,5.4,109,2.6,149,3.6,45,1.1,109,2.6,35,0.8,22,0.5,39,0.9
1400000US11001002802,11001002802,"Census Tract 28.02, District of Columbia, District of Columbia",4651,307,6.6,370,8.0,31,0.7,212,4.6,275,5.9,833,17.9,743,16.0,378,8.1,314,6.8,185,4.0,177,3.8,248,5.3,142,3.1,101,2.2,135,2.9,94,2.0,39,0.8,67,1.4
1400000US11001002900,11001002900,"Census Tract 29, District of Columbia, District of Columbia",4465,207,4.6,215,4.8,163,3.7,112,2.5,292,6.5,1053,23.6,787,17.6,349,7.8,254,5.7,273,6.1,186,4.2,228,5.1,127,2.8,110,2.5,61,1.4,27,0.6,13,0.3,8,0.2
1400000US11001003000,11001003000,"Census Tract 30, District of Columbia, District of Columbia",3279,145,4.4,99,3.0,87,2.7,166,5.1,237,7.2,602,18.4,556,17.0,310,9.5,101,3.1,150,4.6,224,6.8,80,2.4,139,4.2,98,3.0,99,3.0,64,2.0,54,1.6,68,2.1
1400000US11001003100,11001003100,"Census Tract 31, District of Columbia, District of Columbia",3282,54,1.6,161,4.9,174,5.3,36,1.1,148,4.5,696,21.2,437,13.3,300,9.1,149,4.5,176,5.4,220,6.7,225,6.9,167,5.1,154,4.7,40,1.2,53,1.6,22,0.7,70,2.1
1400000US11001003200,11001003200,"Census Tract 32, District of Columbia, District of Columbia",4822,178,3.7,153,3.2,119,2.5,171,3.5,486,10.1,757,15.7,533,11.1,539,11.2,341,7.1,421,8.7,264,5.5,165,3.4,38,0.8,259,5.4,218,4.5,78,1.6,21,0.4,81,1.7
1400000US11001003301,11001003301,"Census Tract 33.01, District of Columbia, District of Columbia",4066,177,4.4,127,3.1,80,2.0,55,1.4,280,6.9,826,20.3,482,11.9,383,9.4,280,6.9,435,10.7,298,7.3,133,3.3,162,4.0,81,2.0,47,1.2,40,1.0,90,2.2,90,2.2
1400000US11001003302,11001003302,"Census Tract 33.02, District of Columbia, District of Columbia",2256,121,5.4,71,3.1,12,0.5,36,1.6,220,9.8,465,20.6,399,17.7,245,10.9,75,3.3,158,7.0,126,5.6,75,3.3,90,4.0,56,2.5,54,2.4,10,0.4,24,1.1,19,0.8
1400000US11001003400,11001003400,"Census Tract 34, District of Columbia, District of Columbia",4901,178,3.6,62,1.3,87,1.8,1649,33.6,715,14.6,586,12.0,281,5.7,266,5.4,190,3.9,51,1.0,284,5.8,44,0.9,195,4.0,102,2.1,88,1.8,85,1.7,38,0.8,0,0.0
1400000US11001003500,11001003500,"Census Tract 35, District of Columbia, District of Columbia",5539,170,3.1,158,2.9,75,1.4,191,3.4,2520,45.5,660,11.9,518,9.4,160,2.9,210,3.8,142,2.6,103,1.9,124,2.2,157,2.8,160,2.9,119,2.1,20,0.4,11,0.2,41,0.7
1400000US11001003600,11001003600,"Census Tract 36, District of Columbia, District of Columbia",4833,201,4.2,100,2.1,88,1.8,44,0.9,276,5.7,1418,29.3,674,13.9,673,13.9,242,5.0,231,4.8,249,5.2,247,5.1,118,2.4,108,2.2,42,0.9,72,1.5,50,1.0,0,0.0
1400000US11001003700,11001003700,"Census Tract 37, District of Columbia, District of Columbia",5917,523,8.8,495,8.4,225,3.8,289,4.9,310,5.2,1062,17.9,909,15.4,662,11.2,259,4.4,363,6.1,82,1.4,303,5.1,135,2.3,79,1.3,120,2.0,36,0.6,53,0.9,12,0.2
1400000US11001003800,11001003800,"Census Tract 38, District of Columbia, District of Columbia",5259,227,4.3,187,3.6,83,1.6,97,1.8,185,3.5,947,18.0,1122,21.3,543,10.3,428,8.1,208,4.0,295,5.6,220,4.2,265,5.0,294,5.6,90,1.7,20,0.4,48,0.9,0,0.0
1400000US11001003900,11001003900,"Census Tract 39, District of Columbia, District of Columbia",4643,154,3.3,27,0.6,30,0.6,0,0.0,99,2.1,1065,22.9,941,20.3,483,10.4,429,9.2,350,7.5,268,5.8,124,2.7,200,4.3,226,4.9,108,2.3,103,2.2,36,0.8,0,0.0
1400000US11001004001,11001004001,"Census Tract 40.01, District of Columbia, District of Columbia",4400,161,3.7,160,3.6,81,1.8,44,1.0,149,3.4,1046,23.8,533,12.1,427,9.7,363,8.3,259,5.9,226,5.1,248,5.6,226,5.1,151,3.4,107,2.4,55,1.3,51,1.2,113,2.6
1400000US11001004002,11001004002,"Census Tract 40.02, District of Columbia, District of Columbia",3190,80,2.5,96,3.0,30,0.9,30,0.9,128,4.0,695,21.8,598,18.7,398,12.5,305,9.6,146,4.6,132,4.1,132,4.1,103,3.2,95,3.0,63,2.0,117,3.7,11,0.3,31,1.0
1400000US11001004100,11001004100,"Census Tract 41, District of Columbia, District of Columbia",2658,131,4.9,56,2.1,23,0.9,75,2.8,75,2.8,332,12.5,225,8.5,252,9.5,166,6.2,93,3.5,284,10.7,173,6.5,240,9.0,243,9.1,195,7.3,68,2.6,27,1.0,0,0.0
1400000US11001004201,11001004201,"Census Tract 42.01, District of Columbia, District of Columbia",3724,158,4.2,0,0.0,28,0.8,0,0.0,245,6.6,1064,28.6,864,23.2,309,8.3,148,4.0,106,2.8,260,7.0,245,6.6,133,3.6,50,1.3,8,0.2,40,1.1,66,1.8,0,0.0
1400000US11001004202,11001004202,"Census Tract 42.02, District of Columbia, District of Columbia",2538,56,2.2,40,1.6,0,0.0,31,1.2,163,6.4,625,24.6,592,23.3,222,8.7,77,3.0,122,4.8,121,4.8,102,4.0,188,7.4,60,2.4,65,2.6,61,2.4,1,0.0,12,0.5
1400000US11001004300,11001004300,"Census Tract 43, District of Columbia, District of Columbia",4033,190,4.7,88,2.2,51,1.3,82,2.0,201,5.0,861,21.3,536,13.3,412,10.2,419,10.4,195,4.8,220,5.5,165,4.1,191,4.7,133,3.3,179,4.4,30,0.7,50,1.2,30,0.7
1400000US11001004400,11001004400,"Census Tract 44, District of Columbia, District of Columbia",5385,232,4.3,91,1.7,18,0.3,28,0.5,209,3.9,1052,19.5,1127,20.9,710,13.2,468,8.7,416,7.7,306,5.7,149,2.8,154,2.9,61,1.1,139,2.6,97,1.8,17,0.3,111,2.1
1400000US11001004600,11001004600,"Census Tract 46, District of Columbia, District of Columbia",2863,113,3.9,44,1.5,48,1.7,80,2.8,250,8.7,473,16.5,520,18.2,234,8.2,125,4.4,87,3.0,118,4.1,212,7.4,248,8.7,130,4.5,27,0.9,83,2.9,23,0.8,48,1.7
1400000US11001004701,11001004701,"Census Tract 47.01, District of Columbia, District of Columbia",4888,384,7.9,466,9.5,224,4.6,139,2.8,276,5.6,725,14.8,624,12.8,524,10.7,154,3.2,246,5.0,224,4.6,205,4.2,186,3.8,182,3.7,128,2.6,71,1.5,107,2.2,23,0.5
1400000US11001004702,11001004702,"Census Tract 47.02, District of Columbia, District of Columbia",3144,100,3.2,107,3.4,33,1.0,89,2.8,187,5.9,803,25.5,520,16.5,328,10.4,99,3.1,172,5.5,143,4.5,173,5.5,102,3.2,54,1.7,92,2.9,54,1.7,26,0.8,62,2.0
1400000US11001004801,11001004801,"Census Tract 48.01, District of Columbia, District of Columbia",2725,68,2.5,78,2.9,119,4.4,118,4.3,139,5.1,579,21.2,521,19.1,279,10.2,186,6.8,51,1.9,164,6.0,48,1.8,94,3.4,55,2.0,95,3.5,80,2.9,13,0.5,38,1.4
1400000US11001004802,11001004802,"Census Tract 48.02, District of Columbia, District of Columbia",3528,88,2.5,74,2.1,117,3.3,127,3.6,291,8.2,646,18.3,511,14.5,338,9.6,260,7.4,234,6.6,163,4.6,167,4.7,177,5.0,68,1.9,84,2.4,137,3.9,0,0.0,46,1.3
1400000US11001004901,11001004901,"Census Tract 49.01, District of Columbia, District of Columbia",2837,135,4.8,128,4.5,84,3.0,55,1.9,144,5.1,566,20.0,516,18.2,357,12.6,191,6.7,109,3.8,79,2.8,116,4.1,119,4.2,104,3.7,88,3.1,18,0.6,0,0.0,28,1.0
1400000US11001004902,11001004902,"Census Tract 49.02, District of Columbia, District of Columbia",3147,146,4.6,96,3.1,13,0.4,38,1.2,160,5.1,768,24.4,734,23.3,282,9.0,203,6.5,164,5.2,154,4.9,99,3.1,104,3.3,71,2.3,58,1.8,57,1.8,0,0.0,0,0.0
1400000US11001005001,11001005001,"Census Tract 50.01, District of Columbia, District of Columbia",2083,146,7.0,53,2.5,4,0.2,14,0.7,63,3.0,393,18.9,356,17.1,267,12.8,199,9.6,124,6.0,224,10.8,79,3.8,33,1.6,48,2.3,19,0.9,32,1.5,7,0.3,22,1.1
1400000US11001005002,11001005002,"Census Tract 50.02, District of Columbia, District of Columbia",5986,360,6.0,197,3.3,74,1.2,19,0.3,355,5.9,1086,18.1,1244,20.8,747,12.5,364,6.1,296,4.9,266,4.4,299,5.0,319,5.3,217,3.6,104,1.7,12,0.2,0,0.0,27,0.5
1400000US11001005201,11001005201,"Census Tract 52.01, District of Columbia, District of Columbia",6263,152,2.4,0,0.0,0,0.0,46,0.7,255,4.1,1593,25.4,1764,28.2,589,9.4,320,5.1,284,4.5,514,8.2,164,2.6,286,4.6,24,0.4,199,3.2,73,1.2,0,0.0,0,0.0
1400000US11001005301,11001005301,"Census Tract 53.01, District of Columbia, District of Columbia",4915,167,3.4,36,0.7,23,0.5,32,0.7,387,7.9,1211,24.6,1082,22.0,376,7.7,366,7.4,287,5.8,158,3.2,139,2.8,264,5.4,106,2.2,112,2.3,77,1.6,0,0.0,92,1.9
1400000US11001005500,11001005500,"Census Tract 55, District of Columbia, District of Columbia",6864,194,2.8,82,1.2,68,1.0,55,0.8,890,13.0,1070,15.6,1089,15.9,883,12.9,285,4.2,400,5.8,346,5.0,325,4.7,242,3.5,268,3.9,191,2.8,121,1.8,213,3.1,142,2.1
1400000US11001005600,11001005600,"Census Tract 56, District of Columbia, District of Columbia",6442,128,2.0,15,0.2,17,0.3,386,6.0,2043,31.7,994,15.4,415,6.4,379,5.9,128,2.0,172,2.7,177,2.7,316,4.9,263,4.1,311,4.8,183,2.8,319,5.0,92,1.4,104,1.6
1400000US11001005800,11001005800,"Census Tract 58, District of Columbia, District of Columbia",3039,107,3.5,32,1.1,8,0.3,12,0.4,102,3.4,326,10.7,456,15.0,431,14.2,342,11.3,216,7.1,240,7.9,223,7.3,252,8.3,146,4.8,41,1.3,34,1.1,9,0.3,62,2.0
1400000US11001005900,11001005900,"Census Tract 59, District of Columbia, District of Columbia",2682,11,0.4,27,1.0,0,0.0,45,1.7,682,25.4,711,26.5,341,12.7,157,5.9,118,4.4,72,2.7,182,6.8,86,3.2,127,4.7,71,2.6,19,0.7,14,0.5,19,0.7,0,0.0
1400000US11001006202,11001006202,"Census Tract 62.02, District of Columbia, District of Columbia",72,0,0.0,0,0.0,0,0.0,0,0.0,20,27.8,12,16.7,40,55.6,0,0.0,0,0.0,0,0.0,0,0.0,0,0.0,0,0.0,0,0.0,0,0.0,0,0.0,0,0.0,0,0.0
1400000US11001006400,11001006400,"Census Tract 64, District of Columbia, District of Columbia",2488,164,6.6,131,5.3,135,5.4,171,6.9,209,8.4,302,12.1,307,12.3,132,5.3,96,3.9,56,2.3,203,8.2,125,5.0,170,6.8,88,3.5,64,2.6,68,2.7,39,1.6,28,1.1
1400000US11001006500,11001006500,"Census Tract 65, District of Columbia, District of Columbia",2604,153,5.9,110,4.2,46,1.8,34,1.3,189,7.3,540,20.7,483,18.5,136,5.2,187,7.2,106,4.1,63,2.4,161,6.2,155,6.0,101,3.9,75,2.9,11,0.4,40,1.5,14,0.5
1400000US11001006600,11001006600,"Census Tract 66, District of Columbia, District of Columbia",2036,111,5.5,78,3.8,61,3.0,69,3.4,53,2.6,172,8.4,292,14.3,141,6.9,143,7.0,100,4.9,154,7.6,151,7.4,63,3.1,89,4.4,106,5.2,119,5.8,112,5.5,22,1.1
1400000US11001006700,11001006700,"Census Tract 67, District of Columbia, District of Columbia",4375,308,7.0,140,3.2,180,4.1,62,1.4,163,3.7,441,10.1,521,11.9,676,15.5,316,7.2,297,6.8,205,4.7,190,4.3,235,5.4,212,4.8,170,3.9,107,2.4,47,1.1,105,2.4
1400000US11001006801,11001006801,"Census Tract 68.01, District of Columbia, District of Columbia",2350,167,7.1,63,2.7,51,2.2,35,1.5,138,5.9,385,16.4,328,14.0,265,11.3,232,9.9,61,2.6,119,5.1,194,8.3,90,3.8,67,2.9,36,1.5,73,3.1,14,0.6,32,1.4
1400000US11001006802,11001006802,"Census Tract 68.02, District of Columbia, District of Columbia",2509,191,7.6,183,7.3,52,2.1,46,1.8,200,8.0,285,11.4,329,13.1,247,9.8,285,11.4,197,7.9,135,5.4,94,3.7,62,2.5,60,2.4,30,1.2,37,1.5,22,0.9,54,2.2
1400000US11001006804,11001006804,"Census Tract 68.04, District of Columbia, District of Columbia",2733,12,0.4,14,0.5,28,1.0,114,4.2,415,15.2,430,15.7,371,13.6,412,15.1,361,13.2,227,8.3,124,4.5,113,4.1,62,2.3,30,1.1,20,0.7,0,0.0,0,0.0,0,0.0
1400000US11001006900,11001006900,"Census Tract 69, District of Columbia, District of Columbia",2379,122,5.1,196,8.2,94,4.0,35,1.5,0,0.0,252,10.6,217,9.1,249,10.5,356,15.0,287,12.1,115,4.8,154,6.5,104,4.4,123,5.2,33,1.4,0,0.0,0,0.0,42,1.8
1400000US11001007000,11001007000,"Census Tract 70, District of Columbia, District of Columbia",2923,210,7.2,68,2.3,25,0.9,244,8.3,420,14.4,345,11.8,473,16.2,162,5.5,155,5.3,109,3.7,133,4.6,166,5.7,135,4.6,97,3.3,83,2.8,39,1.3,20,0.7,39,1.3
1400000US11001007100,11001007100,"Census Tract 71, District of Columbia, District of Columbia",3425,344,10.0,228,6.7,166,4.8,222,6.5,132,3.9,552,16.1,557,16.3,183,5.3,148,4.3,220,6.4,121,3.5,249,7.3,51,1.5,91,2.7,72,2.1,33,1.0,27,0.8,29,0.8
1400000US11001007200,11001007200,"Census Tract 72, District of Columbia, District of Columbia",5154,254,4.9,119,2.3,33,0.6,21,0.4,382,7.4,1425,27.6,976,18.9,613,11.9,404,7.8,174,3.4,142,2.8,137,2.7,147,2.9,135,2.6,70,1.4,69,1.3,0,0.0,53,1.0
1400000US11001007301,11001007301,"Census Tract 73.01, District of Columbia, District of Columbia",4606,972,21.1,451,9.8,209,4.5,155,3.4,658,14.3,522,11.3,611,13.3,304,6.6,224,4.9,141,3.1,91,2.0,182,4.0,57,1.2,10,0.2,19,0.4,0,0.0,0,0.0,0,0.0
1400000US11001007304,11001007304,"Census Tract 73.04, District of Columbia, District of Columbia",3592,303,8.4,277,7.7,186,5.2,191,5.3,283,7.9,276,7.7,235,6.5,308,8.6,135,3.8,248,6.9,282,7.9,201,5.6,214,6.0,110,3.1,115,3.2,42,1.2,61,1.7,125,3.5
1400000US11001007401,11001007401,"Census Tract 74.01, District of Columbia, District of Columbia",2262,196,8.7,257,11.4,211,9.3,305,13.5,139,6.1,186,8.2,134,5.9,175,7.7,81,3.6,95,4.2,129,5.7,87,3.8,91,4.0,55,2.4,47,2.1,32,1.4,24,1.1,18,0.8
1400000US11001007403,11001007403,"Census Tract 74.03, District of Columbia, District of Columbia",3187,148,4.6,332,10.4,326,10.2,273,8.6,370,11.6,350,11.0,213,6.7,242,7.6,104,3.3,249,7.8,185,5.8,154,4.8,106,3.3,120,3.8,0,0.0,0,0.0,15,0.5,0,0.0
1400000US11001007404,11001007404,"Census Tract 74.04, District of Columbia, District of Columbia",4307,445,10.3,468,10.9,511,11.9,358,8.3,451,10.5,302,7.0,333,7.7,194,4.5,211,4.9,334,7.8,161,3.7,149,3.5,164,3.8,136,3.2,69,1.6,3,0.1,12,0.3,6,0.1
1400000US11001007406,11001007406,"Census Tract 74.06, District of Columbia, District of Columbia",3254,472,14.5,388,11.9,337,10.4,270,8.3,335,10.3,423,13.0,279,8.6,76,2.3,85,2.6,99,3.0,158,4.9,145,4.5,94,2.9,30,0.9,26,0.8,25,0.8,0,0.0,12,0.4
1400000US11001007407,11001007407,"Census Tract 74.07, District of Columbia, District of Columbia",3297,326,9.9,205,6.2,303,9.2,234,7.1,156,4.7,293,8.9,289,8.8,200,6.1,212,6.4,179,5.4,243,7.4,203,6.2,181,5.5,41,1.2,132,4.0,38,1.2,52,1.6,10,0.3
1400000US11001007408,11001007408,"Census Tract 74.08, District of Columbia, District of Columbia",3632,425,11.7,323,8.9,322,8.9,219,6.0,328,9.0,222,6.1,299,8.2,347,9.6,194,5.3,180,5.0,144,4.0,216,5.9,166,4.6,37,1.0,50,1.4,41,1.1,119,3.3,0,0.0
1400000US11001007409,11001007409,"Census Tract 74.09, District of Columbia, District of Columbia",4000,306,7.7,609,15.2,310,7.8,264,6.6,309,7.7,350,8.8,315,7.9,313,7.8,239,6.0,166,4.2,250,6.3,129,3.2,191,4.8,101,2.5,65,1.6,36,0.9,30,0.8,17,0.4
1400000US11001007502,11001007502,"Census Tract 75.02, District of Columbia, District of Columbia",5314,439,8.3,352,6.6,588,11.1,563,10.6,254,4.8,124,2.3,486,9.1,379,7.1,261,4.9,251,4.7,265,5.0,401,7.5,257,4.8,269,5.1,225,4.2,87,1.6,72,1.4,41,0.8
1400000US11001007503,11001007503,"Census Tract 75.03, District of Columbia, District of Columbia",2454,298,12.1,270,11.0,162,6.6,129,5.3,170,6.9,224,9.1,224,9.1,115,4.7,122,5.0,99,4.0,119,4.8,145,5.9,143,5.8,98,4.0,47,1.9,21,0.9,48,2.0,20,0.8
1400000US11001007504,11001007504,"Census Tract 75.04, District of Columbia, District of Columbia",2906,363,12.5,318,10.9,252,8.7,100,3.4,212,7.3,308,10.6,220,7.6,245,8.4,71,2.4,235,8.1,107,3.7,172,5.9,169,5.8,75,2.6,36,1.2,23,0.8,0,0.0,0,0.0
1400000US11001007601,11001007601,"Census Tract 76.01, District of Columbia, District of Columbia",4855,328,6.8,351,7.2,197,4.1,204,4.2,312,6.4,326,6.7,399,8.2,372,7.7,292,6.0,424,8.7,323,6.7,462,9.5,292,6.0,221,4.6,175,3.6,64,1.3,76,1.6,37,0.8
1400000US11001007603,11001007603,"Census Tract 76.03, District of Columbia, District of Columbia",4283,334,7.8,153,3.6,234,5.5,214,5.0,101,2.4,130,3.0,315,7.4,271,6.3,510,11.9,198,4.6,406,9.5,365,8.5,91,2.1,269,6.3,282,6.6,152,3.5,175,4.1,83,1.9
1400000US11001007604,11001007604,"Census Tract 76.04, District of Columbia, District of Columbia",4256,332,7.8,330,7.8,125,2.9,93,2.2,250,5.9,286,6.7,502,11.8,254,6.0,293,6.9,332,7.8,410,9.6,263,6.2,282,6.6,180,4.2,182,4.3,64,1.5,22,0.5,56,1.3
1400000US11001007605,11001007605,"Census Tract 76.05, District of Columbia, District of Columbia",3956,298,7.5,141,3.6,200,5.1,230,5.8,316,8.0,327,8.3,368,9.3,253,6.4,223,5.6,244,6.2,269,6.8,306,7.7,194,4.9,232,5.9,172,4.3,99,2.5,47,1.2,37,0.9
1400000US11001007703,11001007703,"Census Tract 77.03, District of Columbia, District of Columbia",6159,452,7.3,735,11.9,619,10.1,451,7.3,431,7.0,333,5.4,474,7.7,373,6.1,445,7.2,173,2.8,207,3.4,392,6.4,391,6.3,202,3.3,230,3.7,82,1.3,61,1.0,108,1.8
1400000US11001007707,11001007707,"Census Tract 77.07, District of Columbia, District of Columbia",4484,440,9.8,343,7.6,336,7.5,325,7.2,348,7.8,329,7.3,411,9.2,275,6.1,215,4.8,60,1.3,239,5.3,248,5.5,202,4.5,214,4.8,120,2.7,122,2.7,128,2.9,129,2.9
1400000US11001007708,11001007708,"Census Tract 77.08, District of Columbia, District of Columbia",3039,252,8.3,282,9.3,220,7.2,263,8.7,192,6.3,103,3.4,261,8.6,129,4.2,137,4.5,227,7.5,275,9.0,148,4.9,212,7.0,161,5.3,99,3.3,24,0.8,37,1.2,17,0.6
1400000US11001007709,11001007709,"Census Tract 77.09, District of Columbia, District of Columbia",2524,91,3.6,86,3.4,136,5.4,251,9.9,143,5.7,171,6.8,194,7.7,174,6.9,116,4.6,180,7.1,181,7.2,264,10.5,151,6.0,144,5.7,90,3.6,42,1.7,45,1.8,65,2.6
1400000US11001007803,11001007803,"Census Tract 78.03, District of Columbia, District of Columbia",4111,476,11.6,193,4.7,138,3.4,271,6.6,361,8.8,339,8.2,284,6.9,154,3.7,305,7.4,266,6.5,255,6.2,277,6.7,262,6.4,200,4.9,92,2.2,110,2.7,60,1.5,68,1.7
1400000US11001007804,11001007804,"Census Tract 78.04, District of Columbia, District of Columbia",4121,401,9.7,266,6.5,244,5.9,202,4.9,373,9.1,410,9.9,227,5.5,183,4.4,236,5.7,157,3.8,199,4.8,240,5.8,227,5.5,246,6.0,139,3.4,270,6.6,39,0.9,62,1.5
1400000US11001007806,11001007806,"Census Tract 78.06, District of Columbia, District of Columbia",2169,209,9.6,119,5.5,92,4.2,83,3.8,147,6.8,104,4.8,182,8.4,183,8.4,166,7.7,107,4.9,92,4.2,181,8.3,138,6.4,139,6.4,85,3.9,48,2.2,62,2.9,32,1.5
1400000US11001007807,11001007807,"Census Tract 78.07, District of Columbia, District of Columbia",2171,114,5.3,127,5.8,115,5.3,173,8.0,114,5.3,116,5.3,165,7.6,168,7.7,179,8.2,146,6.7,208,9.6,162,7.5,106,4.9,94,4.3,46,2.1,44,2.0,49,2.3,45,2.1
1400000US11001007808,11001007808,"Census Tract 78.08, District of Columbia, District of Columbia",3949,521,13.2,186,4.7,169,4.3,415,10.5,349,8.8,303,7.7,252,6.4,124,3.1,131,3.3,144,3.6,242,6.1,466,11.8,140,3.5,75,1.9,144,3.6,140,3.5,68,1.7,80,2.0
1400000US11001007809,11001007809,"Census Tract 78.09, District of Columbia, District of Columbia",3521,220,6.2,162,4.6,266,7.6,341,9.7,232,6.6,285,8.1,419,11.9,196,5.6,170,4.8,163,4.6,324,9.2,201,5.7,133,3.8,170,4.8,60,1.7,46,1.3,83,2.4,50,1.4
1400000US11001007901,11001007901,"Census Tract 79.01, District of Columbia, District of Columbia",4078,369,9.0,186,4.6,297,7.3,168,4.1,144,3.5,419,10.3,479,11.7,256,6.3,174,4.3,156,3.8,422,10.3,356,8.7,302,7.4,157,3.8,70,1.7,64,1.6,21,0.5,38,0.9
1400000US11001007903,11001007903,"Census Tract 79.03, District of Columbia, District of Columbia",1971,207,10.5,60,3.0,35,1.8,116,5.9,152,7.7,146,7.4,220,11.2,169,8.6,115,5.8,134,6.8,112,5.7,121,6.1,131,6.6,107,5.4,49,2.5,12,0.6,63,3.2,22,1.1
1400000US11001008001,11001008001,"Census Tract 80.01, District of Columbia, District of Columbia",3125,427,13.7,115,3.7,84,2.7,26,0.8,55,1.8,383,12.3,552,17.7,307,9.8,348,11.1,156,5.0,174,5.6,170,5.4,71,2.3,100,3.2,23,0.7,44,1.4,32,1.0,58,1.9
1400000US11001008002,11001008002,"Census Tract 80.02, District of Columbia, District of Columbia",3470,369,10.6,125,3.6,84,2.4,85,2.4,74,2.1,334,9.6,488,14.1,521,15.0,277,8.0,201,5.8,206,5.9,116,3.3,252,7.3,92,2.7,111,3.2,104,3.0,8,0.2,23,0.7
1400000US11001008100,11001008100,"Census Tract 81, District of Columbia, District of Columbia",3286,350,10.7,117,3.6,46,1.4,38,1.2,133,4.0,469,14.3,455,13.8,447,13.6,224,6.8,272,8.3,161,4.9,130,4.0,97,3.0,118,3.6,98,3.0,41,1.2,42,1.3,48,1.5
1400000US11001008200,11001008200,"Census Tract 82, District of Columbia, District of Columbia",3056,201,6.6,86,2.8,46,1.5,193,6.3,406,13.3,538,17.6,428,14.0,209,6.8,98,3.2,142,4.6,139,4.5,78,2.6,231,7.6,126,4.1,42,1.4,23,0.8,70,2.3,0,0.0
1400000US11001008301,11001008301,"Census Tract 83.01, District of Columbia, District of Columbia",2423,236,9.7,56,2.3,13,0.5,55,2.3,144,5.9,420,17.3,549,22.7,211,8.7,88,3.6,87,3.6,126,5.2,70,2.9,175,7.2,94,3.9,65,2.7,24,1.0,10,0.4,0,0.0
1400000US11001008302,11001008302,"Census Tract 83.02, District of Columbia, District of Columbia",2547,157,6.2,111,4.4,109,4.3,29,1.1,111,4.4,411,16.1,396,15.5,214,8.4,166,6.5,148,5.8,155,6.1,120,4.7,140,5.5,35,1.4,106,4.2,42,1.6,25,1.0,72,2.8
1400000US11001008402,11001008402,"Census Tract 84.02, District of Columbia, District of Columbia",2352,139,5.9,0,0.0,34,1.4,10,0.4,51,2.2,517,22.0,351,14.9,362,15.4,150,6.4,131,5.6,59,2.5,85,3.6,103,4.4,113,4.8,102,4.3,41,1.7,45,1.9,59,2.5
1400000US11001008410,11001008410,"Census Tract 84.10, District of Columbia, District of Columbia",1533,124,8.1,34,2.2,53,3.5,51,3.3,111,7.2,270,17.6,274,17.9,233,15.2,89,5.8,64,4.2,46,3.0,47,3.1,44,2.9,44,2.9,30,2.0,0,0.0,15,1.0,4,0.3
1400000US11001008701,11001008701,"Census Tract 87.01, District of Columbia, District of Columbia",2368,31,1.3,42,1.8,18,0.8,75,3.2,178,7.5,636,26.9,217,9.2,259,10.9,160,6.8,153,6.5,132,5.6,151,6.4,87,3.7,58,2.4,41,1.7,59,2.5,5,0.2,66,2.8
1400000US11001008702,11001008702,"Census Tract 87.02, District of Columbia, District of Columbia",2751,193,7.0,45,1.6,98,3.6,53,1.9,192,7.0,342,12.4,525,19.1,271,9.9,206,7.5,219,8.0,71,2.6,231,8.4,137,5.0,57,2.1,41,1.5,20,0.7,11,0.4,39,1.4
1400000US11001008802,11001008802,"Census Tract 88.02, District of Columbia, District of Columbia",4311,335,7.8,155,3.6,87,2.0,114,2.6,207,4.8,638,14.8,466,10.8,278,6.4,312,7.2,160,3.7,369,8.6,220,5.1,342,7.9,190,4.4,123,2.9,134,3.1,96,2.2,85,2.0
1400000US11001008803,11001008803,"Census Tract 88.03, District of Columbia, District of Columbia",2569,137,5.3,119,4.6,117,4.6,492,19.2,461,17.9,217,8.4,172,6.7,156,6.1,153,6.0,67,2.6,124,4.8,193,7.5,80,3.1,63,2.5,14,0.5,0,0.0,0,0.0,4,0.2
1400000US11001008804,11001008804,"Census Tract 88.04, District of Columbia, District of Columbia",2561,97,3.8,113,4.4,111,4.3,96,3.7,268,10.5,233,9.1,383,15.0,232,9.1,190,7.4,108,4.2,191,7.5,162,6.3,115,4.5,63,2.5,73,2.9,85,3.3,29,1.1,12,0.5
1400000US11001008903,11001008903,"Census Tract 89.03, District of Columbia, District of Columbia",3252,258,7.9,245,7.5,80,2.5,98,3.0,226,6.9,409,12.6,460,14.1,136,4.2,307,9.4,246,7.6,146,4.5,167,5.1,136,4.2,102,3.1,133,4.1,30,0.9,26,0.8,47,1.4
1400000US11001008904,11001008904,"Census Tract 89.04, District of Columbia, District of Columbia",3680,314,8.5,213,5.8,182,4.9,86,2.3,255,6.9,404,11.0,305,8.3,324,8.8,322,8.8,237,6.4,276,7.5,275,7.5,151,4.1,152,4.1,83,2.3,27,0.7,46,1.3,28,0.8
1400000US11001009000,11001009000,"Census Tract 90, District of Columbia, District of Columbia",3523,358,10.2,130,3.7,52,1.5,79,2.2,136,3.9,157,4.5,89,2.5,425,12.1,226,6.4,265,7.5,84,2.4,155,4.4,317,9.0,389,11.0,202,5.7,290,8.2,131,3.7,38,1.1
1400000US11001009102,11001009102,"Census Tract 91.02, District of Columbia, District of Columbia",5254,500,9.5,248,4.7,358,6.8,465,8.9,408,7.8,632,12.0,459,8.7,314,6.0,238,4.5,158,3.0,357,6.8,339,6.5,305,5.8,88,1.7,211,4.0,42,0.8,58,1.1,74,1.4
1400000US11001009201,11001009201,"Census Tract 92.01, District of Columbia, District of Columbia",2718,182,6.7,112,4.1,70,2.6,194,7.1,469,17.3,306,11.3,302,11.1,303,11.1,112,4.1,81,3.0,107,3.9,158,5.8,149,5.5,34,1.3,25,0.9,28,1.0,48,1.8,38,1.4
1400000US11001009203,11001009203,"Census Tract 92.03, District of Columbia, District of Columbia",2808,119,4.2,177,6.3,145,5.2,74,2.6,117,4.2,273,9.7,167,5.9,378,13.5,285,10.1,242,8.6,138,4.9,119,4.2,181,6.4,78,2.8,137,4.9,27,1.0,74,2.6,77,2.7
1400000US11001009204,11001009204,"Census Tract 92.04, District of Columbia, District of Columbia",2918,263,9.0,179,6.1,210,7.2,74,2.5,152,5.2,356,12.2,347,11.9,165,5.7,105,3.6,135,4.6,169,5.8,114,3.9,186,6.4,142,4.9,47,1.6,111,3.8,126,4.3,37,1.3
1400000US11001009301,11001009301,"Census Tract 93.01, District of Columbia, District of Columbia",3468,321,9.3,111,3.2,61,1.8,104,3.0,162,4.7,431,12.4,186,5.4,370,10.7,176,5.1,215,6.2,169,4.9,317,9.1,209,6.0,143,4.1,130,3.7,84,2.4,136,3.9,143,4.1
1400000US11001009302,11001009302,"Census Tract 93.02, District of Columbia, District of Columbia",1279,80,6.3,14,1.1,47,3.7,13,1.0,108,8.4,159,12.4,86,6.7,139,10.9,88,6.9,77,6.0,91,7.1,89,7.0,72,5.6,61,4.8,51,4.0,46,3.6,23,1.8,35,2.7
1400000US11001009400,11001009400,"Census Tract 94, District of Columbia, District of Columbia",4917,512,10.4,110,2.2,164,3.3,207,4.2,310,6.3,200,4.1,248,5.0,429,8.7,390,7.9,532,10.8,291,5.9,408,8.3,217,4.4,222,4.5,236,4.8,204,4.1,102,2.1,135,2.7
1400000US11001009501,11001009501,"Census Tract 95.01, District of Columbia, District of Columbia",7659,683,8.9,477,6.2,179,2.3,1548,20.2,1222,16.0,743,9.7,639,8.3,426,5.6,166,2.2,397,5.2,202,2.6,271,3.5,227,3.0,185,2.4,112,1.5,130,1.7,24,0.3,28,0.4
1400000US11001009503,11001009503,"Census Tract 95.03, District of Columbia, District of Columbia",3144,134,4.3,155,4.9,99,3.1,239,7.6,182,5.8,90,2.9,249,7.9,212,6.7,229,7.3,210,6.7,221,7.0,208,6.6,247,7.9,125,4.0,125,4.0,128,4.1,128,4.1,163,5.2
1400000US11001009504,11001009504,"Census Tract 95.04, District of Columbia, District of Columbia",3296,223,6.8,127,3.9,18,0.5,101,3.1,200,6.1,278,8.4,335,10.2,217,6.6,275,8.3,98,3.0,193,5.9,261,7.9,150,4.6,186,5.6,134,4.1,131,4.0,119,3.6,250,7.6
1400000US11001009505,11001009505,"Census Tract 95.05, District of Columbia, District of Columbia",2940,137,4.7,203,6.9,157,5.3,101,3.4,68,2.3,237,8.1,284,9.7,245,8.3,127,4.3,199,6.8,171,5.8,230,7.8,145,4.9,113,3.8,107,3.6,134,4.6,76,2.6,206,7.0
1400000US11001009507,11001009507,"Census Tract 95.07, District of Columbia, District of Columbia",1924,168,8.7,152,7.9,97,5.0,121,6.3,156,8.1,154,8.0,152,7.9,91,4.7,155,8.1,77,4.0,102,5.3,119,6.2,113,5.9,56,2.9,25,1.3,58,3.0,70,3.6,58,3.0
1400000US11001009508,11001009508,"Census Tract 95.08, District of Columbia, District of Columbia",3691,150,4.1,129,3.5,232,6.3,121,3.3,221,6.0,321,8.7,328,8.9,296,8.0,163,4.4,257,7.0,190,5.1,263,7.1,304,8.2,171,4.6,162,4.4,111,3.0,97,2.6,175,4.7
1400000US11001009509,11001009509,"Census Tract 95.09, District of Columbia, District of Columbia",3314,336,10.1,178,5.4,178,5.4,153,4.6,189,5.7,220,6.6,174,5.3,253,7.6,79,2.4,236,7.1,281,8.5,169,5.1,209,6.3,153,4.6,145,4.4,130,3.9,74,2.2,157,4.7
1400000US11001009601,11001009601,"Census Tract 96.01, District of Columbia, District of Columbia",2567,173,6.7,216,8.4,163,6.3,263,10.2,256,10.0,139,5.4,207,8.1,168,6.5,87,3.4,111,4.3,192,7.5,195,7.6,156,6.1,64,2.5,71,2.8,40,1.6,28,1.1,38,1.5
1400000US11001009602,11001009602,"Census Tract 96.02, District of Columbia, District of Columbia",3675,466,12.7,372,10.1,128,3.5,301,8.2,375,10.2,373,10.1,287,7.8,262,7.1,68,1.9,234,6.4,221,6.0,170,4.6,147,4.0,135,3.7,74,2.0,30,0.8,32,0.9,0,0.0
1400000US11001009603,11001009603,"Census Tract 96.03, District of Columbia, District of Columbia",3635,332,9.1,128,3.5,118,3.2,123,3.4,296,8.1,247,6.8,210,5.8,148,4.1,261,7.2,348,9.6,366,10.1,440,12.1,154,4.2,139,3.8,96,2.6,50,1.4,26,0.7,153,4.2
1400000US11001009604,11001009604,"Census Tract 96.04, District of Columbia, District of Columbia",2204,87,3.9,135,6.1,59,2.7,51,2.3,114,5.2,195,8.8,108,4.9,57,2.6,156,7.1,180,8.2,168,7.6,152,6.9,203,9.2,217,9.8,175,7.9,42,1.9,32,1.5,73,3.3
1400000US11001009700,11001009700,"Census Tract 97, District of Columbia, District of Columbia",3255,336,10.3,325,10.0,233,7.2,104,3.2,281,8.6,356,10.9,222,6.8,164,5.0,109,3.3,209,6.4,156,4.8,222,6.8,185,5.7,159,4.9,38,1.2,134,4.1,22,0.7,0,0.0
1400000US11001009801,11001009801,"Census Tract 98.01, District of Columbia, District of Columbia",2317,249,10.7,288,12.4,211,9.1,190,8.2,134,5.8,201,8.7,211,9.1,125,5.4,47,2.0,129,5.6,123,5.3,88,3.8,39,1.7,96,4.1,77,3.3,59,2.5,9,0.4,41,1.8
1400000US11001009802,11001009802,"Census Tract 98.02, District of Columbia, District of Columbia",2051,246,12.0,184,9.0,184,9.0,145,7.1,161,7.8,138,6.7,165,8.0,164,8.0,162,7.9,138,6.7,71,3.5,105,5.1,46,2.2,74,3.6,26,1.3,8,0.4,18,0.9,16,0.8
1400000US11001009803,11001009803,"Census Tract 98.03, District of Columbia, District of Columbia",3081,351,11.4,184,6.0,201,6.5,265,8.6,193,6.3,328,10.6,194,6.3,160,5.2,202,6.6,112,3.6,260,8.4,88,2.9,162,5.3,200,6.5,99,3.2,17,0.6,56,1.8,9,0.3
1400000US11001009804,11001009804,"Census Tract 98.04, District of Columbia, District of Columbia",2826,175,6.2,273,9.7,198,7.0,225,8.0,248,8.8,165,5.8,200,7.1,189,6.7,195,6.9,136,4.8,180,6.4,250,8.8,173,6.1,122,4.3,17,0.6,56,2.0,14,0.5,10,0.4
1400000US11001009807,11001009807,"Census Tract 98.07, District of Columbia, District of Columbia",3369,195,5.8,280,8.3,191,5.7,168,5.0,236,7.0,205,6.1,260,7.7,70,2.1,240,7.1,104,3.1,517,15.3,214,6.4,186,5.5,141,4.2,126,3.7,166,4.9,34,1.0,36,1.1
1400000US11001009810,11001009810,"Census Tract 98.10, District of Columbia, District of Columbia",2914,423,14.5,222,7.6,168,5.8,15,0.5,255,8.8,416,14.3,157,5.4,197,6.8,199,6.8,195,6.7,126,4.3,200,6.9,180,6.2,79,2.7,30,1.0,31,1.1,0,0.0,21,0.7
1400000US11001009811,11001009811,"Census Tract 98.11, District of Columbia, District of Columbia",5163,346,6.7,454,8.8,482,9.3,440,8.5,471,9.1,570,11.0,391,7.6,303,5.9,490,9.5,192,3.7,207,4.0,231,4.5,272,5.3,142,2.8,63,1.2,78,1.5,19,0.4,12,0.2
1400000US11001009901,11001009901,"Census Tract 99.01, District of Columbia, District of Columbia",2890,122,4.2,148,5.1,57,2.0,187,6.5,201,7.0,135,4.7,168,5.8,151,5.2,286,9.9,226,7.8,154,5.3,178,6.2,240,8.3,148,5.1,161,5.6,129,4.5,75,2.6,124,4.3
1400000US11001009902,11001009902,"Census Tract 99.02, District of Columbia, District of Columbia",3120,102,3.3,205,6.6,162,5.2,120,3.8,209,6.7,265,8.5,271,8.7,214,6.9,196,6.3,258,8.3,189,6.1,126,4.0,258,8.3,164,5.3,101,3.2,107,3.4,85,2.7,88,2.8
1400000US11001009903,11001009903,"Census Tract 99.03, District of Columbia, District of Columbia",1952,77,3.9,145,7.4,129,6.6,90,4.6,119,6.1,199,10.2,87,4.5,128,6.6,218,11.2,83,4.3,207,10.6,148,7.6,94,4.8,73,3.7,58,3.0,19,1.0,14,0.7,64,3.3
1400000US11001009904,11001009904,"Census Tract 99.04, District of Columbia, District of Columbia",2979,552,18.5,255,8.6,141,4.7,221,7.4,284,9.5,208,7.0,169,5.7,211,7.1,196,6.6,147,4.9,265,8.9,122,4.1,112,3.8,63,2.1,13,0.4,15,0.5,0,0.0,5,0.2
1400000US11001009905,11001009905,"Census Tract 99.05, District of Columbia, District of Columbia",2890,295,10.2,206,7.1,130,4.5,258,8.9,216,7.5,193,6.7,179,6.2,128,4.4,178,6.2,191,6.6,276,9.6,194,6.7,198,6.9,76,2.6,59,2.0,65,2.2,35,1.2,13,0.4
1400000US11001009906,11001009906,"Census Tract 99.06, District of Columbia, District of Columbia",1623,72,4.4,87,5.4,62,3.8,128,7.9,129,7.9,162,10.0,137,8.4,131,8.1,103,6.3,105,6.5,119,7.3,93,5.7,117,7.2,68,4.2,48,3.0,15,0.9,8,0.5,39,2.4
1400000US11001009907,11001009907,"Census Tract 99.07, District of Columbia, District of Columbia",2773,117,4.2,285,10.3,241,8.7,214,7.7,242,8.7,238,8.6,215,7.8,305,11.0,84,3.0,127,4.6,206,7.4,153,5.5,138,5.0,58,2.1,29,1.0,79,2.8,34,1.2,8,0.3
1400000US11001010100,11001010100,"Census Tract 101, District of Columbia, District of Columbia",2861,103,3.6,24,0.8,46,1.6,22,0.8,251,8.8,456,15.9,480,16.8,339,11.8,259,9.1,162,5.7,124,4.3,103,3.6,133,4.6,106,3.7,79,2.8,42,1.5,65,2.3,67,2.3
1400000US11001010200,11001010200,"Census Tract 102, District of Columbia, District of Columbia",2745,140,5.1,71,2.6,47,1.7,33,1.2,129,4.7,492,17.9,406,14.8,183,6.7,191,7.0,121,4.4,152,5.5,147,5.4,141,5.1,191,7.0,80,2.9,107,3.9,44,1.6,70,2.6
1400000US11001010300,11001010300,"Census Tract 103, District of Columbia, District of Columbia",3515,154,4.4,209,5.9,107,3.0,167,4.8,151,4.3,400,11.4,221,6.3,193,5.5,423,12.0,342,9.7,185,5.3,256,7.3,179,5.1,216,6.1,67,1.9,112,3.2,59,1.7,74,2.1
1400000US11001010400,11001010400,"Census Tract 104, District of Columbia, District of Columbia",4625,178,3.8,459,9.9,255,5.5,384,8.3,424,9.2,237,5.1,305,6.6,421,9.1,292,6.3,228,4.9,329,7.1,432,9.3,171,3.7,185,4.0,154,3.3,40,0.9,77,1.7,54,1.2
1400000US11001010500,11001010500,"Census Tract 105, District of Columbia, District of Columbia",3624,152,4.2,68,1.9,60,1.7,66,1.8,216,6.0,485,13.4,618,17.1,632,17.4,228,6.3,247,6.8,193,5.3,180,5.0,152,4.2,119,3.3,47,1.3,59,1.6,102,2.8,0,0.0
1400000US11001010600,11001010600,"Census Tract 106, District of Columbia, District of Columbia",7167,260,3.6,73,1.0,110,1.5,87,1.2,813,11.3,1927,26.9,1671,23.3,703,9.8,529,7.4,285,4.0,114,1.6,159,2.2,217,3.0,75,1.0,106,1.5,11,0.2,0,0.0,27,0.4
1400000US11001010700,11001010700,"Census Tract 107, District of Columbia, District of Columbia",1711,9,0.5,0,0.0,0,0.0,39,2.3,489,28.6,436,25.5,248,14.5,65,3.8,81,4.7,19,1.1,42,2.5,72,4.2,24,1.4,68,4.0,48,2.8,19,1.1,48,2.8,4,0.2
1400000US11001010800,11001010800,"Census Tract 108, District of Columbia, District of Columbia",6451,0,0.0,0,0.0,0,0.0,3024,46.9,2647,41.0,366,5.7,63,1.0,123,1.9,15,0.2,17,0.3,32,0.5,25,0.4,79,1.2,0,0.0,32,0.5,6,0.1,1,0.0,21,0.3
1400000US11001010900,11001010900,"Census Tract 109, District of Columbia, District of Columbia",4054,494,12.2,343,8.5,251,6.2,423,10.4,524,12.9,409,10.1,293,7.2,102,2.5,220,5.4,161,4.0,193,4.8,326,8.0,137,3.4,118,2.9,51,1.3,0,0.0,0,0.0,9,0.2
1400000US11001011000,11001011000,"Census Tract 110, District of Columbia, District of Columbia",3720,98,2.6,29,0.8,32,0.9,58,1.6,225,6.0,405,10.9,519,14.0,231,6.2,181,4.9,147,4.0,196,5.3,339,9.1,228,6.1,401,10.8,206,5.5,217,5.8,129,3.5,79,2.1
1400000US11001011100,11001011100,"Census Tract 111, District of Columbia, District of Columbia",5548,378,6.8,302,5.4,224,4.0,173,3.1,269,4.8,516,9.3,344,6.2,424,7.6,278,5.0,350,6.3,317,5.7,537,9.7,350,6.3,295,5.3,269,4.8,121,2.2,129,2.3,272,4.9